sample_id,time_s,device_state,raw_adc,voltage_V,temperature_C,ambient_C,pressure_kPa,battery_pct,operator_note
RUN-001,0,OK,2013,0.50,22.00,20.1,101.50,100,warmup
RUN-002,1,OK,2026,0.60,23.55,20.2,102.15,100,warmup
RUN-003,2,OK,2039,0.70,25.02,20.3,102.86,99,warmup
RUN-004,3,OK,2052,0.80,26.39,20.0,103.63,99,
RUN-005,4,OK,2065,0.90,27.63,20.1,104.47,99,
RUN-006,5,OK,2078,1.00,28.76,20.2,105.38,98,
RUN-007,6,OK,2091,1.10,29.80,20.3,106.38,98,
RUN-008,7,OK,2104,1.20,30.80,20.0,107.46,98,
RUN-009,8,OK,2117,1.30,31.78,20.1,108.64,97,
RUN-010,9,CAL,2130,1.40,32.80,20.2,109.92,97,
RUN-011,10,OK,2143,1.50,33.86,20.3,111.30,97,
RUN-012,11,OK,2156,1.60,34.98,20.0,112.79,96,
RUN-013,12,OK,2169,1.70,36.11,20.1,114.37,96,
RUN-014,13,OK,2182,1.80,37.23,20.2,116.05,96,
RUN-015,14,OK,2195,1.90,38.30,20.3,117.81,95,
RUN-016,15,OK,2208,2.00,39.28,20.0,119.66,95,
RUN-017,16,OK,2221,2.10,40.14,20.1,121.58,95,
RUN-018,17,OK,2234,2.20,40.88,20.2,123.56,94,
RUN-019,18,OK,2247,2.30,41.51,20.3,125.61,94,
RUN-020,19,CAL,2260,2.40,42.08,20.0,127.72,94,
RUN-021,20,OK,2273,2.50,42.61,20.1,129.89,93,
RUN-022,21,OK,2286,2.60,43.15,20.2,132.11,93,
RUN-023,22,OK,2299,2.70,43.74,20.3,134.40,93,
RUN-024,23,OK,2312,2.80,44.37,20.0,136.76,92,
RUN-025,24,OK,2325,2.90,45.04,20.1,139.19,92,
RUN-026,25,OK,2338,3.00,45.73,20.2,141.71,92,
RUN-027,26,OK,2351,3.10,46.38,20.3,144.31,91,
RUN-028,27,OK,2364,3.20,46.96,20.0,147.02,91,
RUN-029,28,OK,2377,3.30,47.43,20.1,149.82,91,
RUN-030,29,CAL,2390,3.40,47.79,20.2,152.73,90,
RUN-031,30,OK,2403,3.50,48.03,20.3,155.73,90,
