time_s,voltage_V,temperature_C,pressure_kPa
0,0.50,22.00,101.50
1,0.60,23.55,102.15
2,0.70,25.02,102.86
3,0.80,26.39,103.63
4,0.90,27.63,104.47
5,1.00,28.76,105.38
6,1.10,29.80,106.38
7,1.20,30.80,107.46
8,1.30,31.78,108.64
9,1.40,32.80,109.92
10,1.50,33.86,111.30
11,1.60,34.98,112.79
12,1.70,36.11,114.37
13,1.80,37.23,116.05
14,1.90,38.30,117.81
15,2.00,39.28,119.66
16,2.10,40.14,121.58
17,2.20,40.88,123.56
18,2.30,41.51,125.61
19,2.40,42.08,127.72
20,2.50,42.61,129.89
21,2.60,43.15,132.11
22,2.70,43.74,134.40
23,2.80,44.37,136.76
24,2.90,45.04,139.19
25,3.00,45.73,141.71
26,3.10,46.38,144.31
27,3.20,46.96,147.02
28,3.30,47.43,149.82
29,3.40,47.79,152.73
30,3.50,48.03,155.73
